{
  "openapi": "3.0.1",
  "info": {
    "title": "AuthenticationTokenServiceAPI",
    "version": "v1"
  },
  "servers": [
    {
      "url": "/AuthenticationTokenServiceAPI"
    }
  ],
  "paths": {
    "/api/Authentication/Authenticate/Authenticate": {
      "post": {
        "tags": [
          "Authentication"
        ],
        "operationId": "AuthenticateAsync",
        "requestBody": {
          "content": {
            "application/json": {
              "schema": {
                "$ref": "#/components/schemas/AuthenticationCredendials"
              }
            },
            "text/json": {
              "schema": {
                "$ref": "#/components/schemas/AuthenticationCredendials"
              }
            },
            "application/*+json": {
              "schema": {
                "$ref": "#/components/schemas/AuthenticationCredendials"
              }
            }
          }
        },
        "responses": {
          "200": {
            "description": "Success",
            "content": {
              "application/json": {
                "schema": {
                  "$ref": "#/components/schemas/TokenDataAPIResponse"
                }
              }
            }
          }
        }
      }
    },
    "/api/Authentication/Renew/Renew": {
      "get": {
        "tags": [
          "Authentication"
        ],
        "operationId": "RenewAsync",
        "responses": {
          "200": {
            "description": "Success",
            "content": {
              "application/json": {
                "schema": {
                  "$ref": "#/components/schemas/TokenDataAPIResponse"
                }
              }
            }
          }
        }
      }
    },
    "/api/Authentication/UserData/UserData": {
      "get": {
        "tags": [
          "Authentication"
        ],
        "operationId": "UserDataAsync",
        "responses": {
          "200": {
            "description": "Success",
            "content": {
              "application/json": {
                "schema": {
                  "$ref": "#/components/schemas/UserDataAPIResponse"
                }
              }
            }
          }
        }
      }
    }
  },
  "components": {
    "schemas": {
      "AuthenticationCredendials": {
        "type": "object",
        "properties": {
          "appId": {
            "type": "string",
            "nullable": true
          },
          "edipi": {
            "type": "string",
            "nullable": true
          },
          "email": {
            "type": "string",
            "nullable": true
          },
          "cacToken": {
            "type": "string",
            "nullable": true
          },
          "userIdentifier": {
            "type": "string",
            "format": "uuid",
            "nullable": true
          }
        },
        "additionalProperties": false
      },
      "TokenData": {
        "type": "object",
        "properties": {
          "expiresUtc": {
            "type": "string",
            "format": "date-time"
          },
          "token": {
            "type": "string",
            "nullable": true
          },
          "userData": {
            "$ref": "#/components/schemas/UserData"
          }
        },
        "additionalProperties": false
      },
      "TokenDataAPIResponse": {
        "type": "object",
        "properties": {
          "value": {
            "$ref": "#/components/schemas/TokenData"
          },
          "hasError": {
            "type": "boolean",
            "readOnly": true
          },
          "errorMessage": {
            "type": "string",
            "nullable": true,
            "readOnly": true
          }
        },
        "additionalProperties": false
      },
      "UserData": {
        "type": "object",
        "properties": {
          "edipi": {
            "type": "string",
            "nullable": true
          },
          "email": {
            "type": "string",
            "nullable": true
          },
          "firstName": {
            "type": "string",
            "nullable": true
          },
          "lastName": {
            "type": "string",
            "nullable": true
          },
          "middleInitial": {
            "type": "string",
            "nullable": true
          },
          "userIdentifier": {
            "type": "string",
            "format": "uuid"
          },
          "expiresUtc": {
            "type": "string",
            "format": "date-time"
          }
        },
        "additionalProperties": false
      },
      "UserDataAPIResponse": {
        "type": "object",
        "properties": {
          "value": {
            "$ref": "#/components/schemas/UserData"
          },
          "hasError": {
            "type": "boolean",
            "readOnly": true
          },
          "errorMessage": {
            "type": "string",
            "nullable": true,
            "readOnly": true
          }
        },
        "additionalProperties": false
      }
    },
    "securitySchemes": {
      "Bearer": {
        "type": "apiKey",
        "description": "JWT Authorization header using the Bearer scheme.",
        "name": "Authorization",
        "in": "header"
      }
    }
  },
  "security": [
    {
      "Bearer": [ ]
    }
  ]
}